{"stats":{"minecraft:killed_by":{"minecraft:player":1},"minecraft:dropped":{"thermal:radish_seeds":1},"minecraft:mined":{"minecraft:grass":15,"minecraft:grass_block":1,"minecraft:melon":8,"minecraft:cocoa":1,"minecraft:vine":1,"minecraft:jungle_log":7,"minecraft:stone":8,"minecraft:fern":3},"minecraft:custom":{"minecraft:time_since_rest":7199,"minecraft:sprint_one_cm":40107,"minecraft:damage_taken":515,"minecraft:walk_one_cm":34702,"minecraft:drop":1,"minecraft:damage_dealt":493,"minecraft:swim_one_cm":1151,"minecraft:interact_with_crafting_table":2,"minecraft:fly_one_cm":44220,"minecraft:player_kills":2,"minecraft:crouch_one_cm":159,"minecraft:play_time":18614,"minecraft:deaths":2,"minecraft:sneak_time":105,"minecraft:walk_under_water_one_cm":4120,"minecraft:jump":229,"minecraft:time_since_death":7173,"minecraft:walk_on_water_one_cm":1301,"minecraft:total_world_time":18614,"minecraft:climb_one_cm":1818,"minecraft:fall_one_cm":5867},"minecraft:picked_up":{"minecraft:cocoa_beans":6,"statues:player_statue":2,"minecraft:cooked_porkchop":1,"minecraft:jungle_log":7,"patchouli:guide_book":2,"minecraft:wooden_pickaxe":1,"minecraft:dirt":1,"ars_nouveau:worn_notebook":2,"thermal:radish_seeds":1,"minecraft:melon_slice":41,"minecraft:cobblestone":6},"minecraft:crafted":{"minecraft:stick":4,"minecraft:stone_pickaxe":1,"minecraft:stone_sword":1,"minecraft:air":30,"minecraft:jungle_planks":7},"minecraft:used":{"minecraft:wooden_pickaxe":8,"statues:player_statue":2,"minecraft:dirt":1,"minecraft:cooked_porkchop":1}},"DataVersion":3465}