{"stats":{"minecraft:killed_by":{"minecraft:player":2},"minecraft:killed":{"minecraft:pig":1},"minecraft:mined":{"minecraft:jungle_leaves":4,"minecraft:grass":21,"minecraft:grass_block":4,"minecraft:vine":12,"minecraft:jungle_log":26,"minecraft:dirt":8,"minecraft:stone":25,"minecraft:fern":1},"minecraft:dropped":{"thermal:tomato_seeds":1,"ars_nouveau:worn_notebook":1,"minecraft:cooked_porkchop":1,"minecraft:wooden_pickaxe":4,"minecraft:grass_block":1,"patchouli:guide_book":1},"minecraft:custom":{"minecraft:time_since_rest":8622,"minecraft:interact_with_furnace":5,"minecraft:sprint_one_cm":111138,"minecraft:damage_taken":883,"minecraft:walk_one_cm":112089,"minecraft:mob_kills":1,"minecraft:drop":9,"minecraft:damage_dealt":582,"minecraft:interact_with_crafting_table":7,"minecraft:player_kills":2,"minecraft:fly_one_cm":75846,"minecraft:crouch_one_cm":3965,"minecraft:play_time":85609,"minecraft:deaths":2,"minecraft:sneak_time":1250,"minecraft:jump":491,"minecraft:leave_game":9,"minecraft:time_since_death":8592,"minecraft:total_world_time":85609,"minecraft:climb_one_cm":6852,"minecraft:fall_one_cm":9169},"minecraft:picked_up":{"minecraft:stick":3,"statues:player_statue":11,"minecraft:jungle_log":27,"patchouli:guide_book":3,"thermal:sadiroot_seeds":1,"minecraft:wooden_pickaxe":3,"minecraft:porkchop":3,"minecraft:dirt":11,"minecraft:wheat_seeds":1,"ars_nouveau:worn_notebook":3,"thermal:tomato_seeds":1,"minecraft:jungle_sapling":1,"minecraft:cobblestone":27},"minecraft:crafted":{"minecraft:cooked_porkchop":3,"minecraft:crafting_table":1,"minecraft:stick":8,"minecraft:wooden_pickaxe":2,"minecraft:stone_pickaxe":1,"minecraft:wooden_axe":1,"minecraft:furnace":1,"minecraft:jungle_planks":72},"minecraft:used":{"minecraft:wooden_axe":23,"minecraft:grass_block":7,"minecraft:stone_pickaxe":14,"minecraft:wooden_pickaxe":12,"statues:player_statue":7,"minecraft:dirt":2,"minecraft:golden_carrot":1,"minecraft:tall_grass":6,"minecraft:crafting_table":1,"minecraft:furnace":1,"minecraft:cooked_porkchop":1}},"DataVersion":3465}