{"stats":{"minecraft:killed_by":{"minecraft:player":2},"minecraft:killed":{"minecraft:pig":1,"minecraft:cow":1},"minecraft:mined":{"minecraft:grass":20,"minecraft:grass_block":2,"minecraft:vine":6,"minecraft:jungle_log":11,"minecraft:dirt":1,"minecraft:tall_grass":1,"minecraft:oak_leaves":2,"minecraft:fern":4},"minecraft:custom":{"minecraft:time_since_rest":1797,"minecraft:sprint_one_cm":52559,"minecraft:damage_absorbed":10,"minecraft:damage_taken":449,"minecraft:walk_one_cm":61547,"minecraft:mob_kills":2,"minecraft:damage_dealt":620,"minecraft:swim_one_cm":1838,"minecraft:interact_with_crafting_table":1,"minecraft:fly_one_cm":142369,"minecraft:player_kills":1,"minecraft:crouch_one_cm":524,"minecraft:play_time":29683,"minecraft:deaths":2,"minecraft:sneak_time":132,"minecraft:walk_under_water_one_cm":5358,"minecraft:jump":510,"minecraft:leave_game":6,"minecraft:time_since_death":1767,"minecraft:walk_on_water_one_cm":1919,"minecraft:total_world_time":29683,"minecraft:climb_one_cm":482,"minecraft:fall_one_cm":20534},"minecraft:picked_up":{"statues:player_statue":2,"minecraft:jungle_log":10,"patchouli:guide_book":2,"minecraft:porkchop":1,"minecraft:jungle_planks":40,"minecraft:dirt":4,"minecraft:wheat_seeds":4,"ars_nouveau:worn_notebook":3,"minecraft:beef":1,"thermal:tomato_seeds":2,"minecraft:jungle_sapling":1},"minecraft:crafted":{"minecraft:wooden_sword":1,"minecraft:crafting_table":1,"minecraft:stick":4,"minecraft:air":42,"minecraft:jungle_planks":10},"minecraft:used":{"statues:player_statue":2,"minecraft:wooden_sword":5,"minecraft:crafting_table":1}},"DataVersion":3465}