{"stats":{"minecraft:dropped":{"ars_nouveau:worn_notebook":1,"minecraft:grass_block":1},"minecraft:custom":{"minecraft:jump":139,"minecraft:time_since_rest":51399,"minecraft:damage_dealt":0,"minecraft:crouch_one_cm":1675,"minecraft:leave_game":9,"minecraft:play_time":51399,"minecraft:sprint_one_cm":34819,"minecraft:time_since_death":51399,"minecraft:walk_one_cm":17811,"minecraft:sneak_time":472,"minecraft:total_world_time":51399,"minecraft:fly_one_cm":33987,"minecraft:drop":2},"minecraft:picked_up":{"ars_nouveau:worn_notebook":1},"minecraft:used":{"minecraft:tall_grass":6,"minecraft:grass_block":7}},"DataVersion":3465}